{"cameraMode":{"drawMode":0,"name":"Shaded","section":"Shading Mode"},"sceneLighting":false,"audioPlay":false,"sceneViewState":{"m_AlwaysRefresh":false,"showFog":true,"showSkybox":false,"showFlares":true,"showImageEffects":true,"showParticleSystems":true,"showVisualEffectGraphs":true,"m_FxEnabled":true},"in2DMode":false,"pivot":{"x":-0.44700169563293459,"y":3.175845146179199,"z":3.3823022842407228},"rotation":{"x":-0.30837947130203249,"y":0.043352629989385608,"z":-0.014090228825807572,"w":-0.9502217173576355},"size":8.423517227172852,"orthographic":false}