{"cameraMode":{"drawMode":0,"name":"Shaded","section":"Shading Mode"},"sceneLighting":false,"audioPlay":false,"sceneViewState":{"m_AlwaysRefresh":false,"showFog":true,"showSkybox":false,"showFlares":true,"showImageEffects":true,"showParticleSystems":true,"showVisualEffectGraphs":true,"m_FxEnabled":true},"in2DMode":false,"pivot":{"x":1.4332784414291382,"y":0.06528806686401367,"z":0.10664844512939453},"rotation":{"x":-0.29295721650123598,"y":0.001996605424210429,"z":-0.0006431157817132771,"w":-0.9561538696289063},"size":7.713667392730713,"orthographic":false}