{"cameraMode":{"drawMode":0,"name":"Shaded","section":"Shading Mode"},"sceneLighting":false,"audioPlay":false,"sceneViewState":{"m_AlwaysRefresh":false,"showFog":true,"showSkybox":false,"showFlares":true,"showImageEffects":true,"showParticleSystems":true,"showVisualEffectGraphs":true,"m_FxEnabled":true},"in2DMode":false,"pivot":{"x":-8.224023818969727,"y":8.273149490356446,"z":-10.265076637268067},"rotation":{"x":-0.3215028941631317,"y":-0.005124242510646582,"z":0.0017127539031207562,"w":-0.9469282627105713},"size":14.758258819580079,"orthographic":false}