{"cameraMode":{"drawMode":0,"name":"Shaded","section":"Shading Mode"},"sceneLighting":false,"audioPlay":false,"sceneViewState":{"m_AlwaysRefresh":false,"showFog":true,"showSkybox":false,"showFlares":true,"showImageEffects":true,"showParticleSystems":true,"showVisualEffectGraphs":true,"m_FxEnabled":true},"in2DMode":false,"pivot":{"x":0.4202357530593872,"y":0.8477516174316406,"z":1.3941011428833008},"rotation":{"x":-0.3997984528541565,"y":0.011538336984813214,"z":-0.005059370771050453,"w":-0.9165671467781067},"size":10.04520034790039,"orthographic":false}